Issue key,Issue Type,Summary,Assignee,Story Points,Start date,Due date,Sprint,Status
AF-1,Epic,Análisis y modelado UML del sistema,Equipo completo,,2026-08-04,2026-08-08,Sprint 1,Confirmada
AF-2,Story,Como analista quiero el diagrama de clases y de casos de uso,Valentina Gómez,5,2026-08-04,2026-08-07,Sprint 1,Confirmada
AF-3,Task,Modelo entidad-relación de la base de datos,Valentina Gómez,3,2026-08-06,2026-08-08,Sprint 1,En progreso
AF-4,Epic,Diseño de prototipos en Figma,Equipo completo,,2026-08-06,2026-08-13,Sprint 1,En progreso
AF-5,Story,Como cliente quiero ver el catálogo de eventos disponibles,Samuel Ortiz,5,2026-08-07,2026-08-10,Sprint 1,En progreso
AF-6,Story,Como cliente quiero reservar entradas de un evento,Samuel Ortiz,5,2026-08-08,2026-08-11,Sprint 1,Pendiente
AF-7,Story,Como agente quiero registrar un nuevo evento,Camila Ríos,5,2026-08-08,2026-08-11,Sprint 1,Pendiente
AF-8,Story,Como agente quiero actualizar el estado de una reserva,Camila Ríos,3,2026-08-11,2026-08-13,Sprint 1,Pendiente
AF-9,Epic,Configuración del repositorio y tablero de trabajo,Julián Torres,,2026-08-04,2026-08-05,Sprint 1,Confirmada
AF-10,Task,Crear repositorio en GitHub y estructura de carpetas,Julián Torres,2,2026-08-04,2026-08-04,Sprint 1,Confirmada
AF-11,Task,Configurar proyecto y backlog en Jira,Julián Torres,2,2026-08-04,2026-08-05,Sprint 1,Confirmada
AF-12,Sub-task,Definir convención de ramas y commits,Julián Torres,1,2026-08-05,2026-08-05,Sprint 1,Confirmada
AF-13,Story,Como usuario quiero iniciar sesión con correo y contraseña,Samuel Ortiz,3,2026-08-12,2026-08-14,Sprint 1,Pendiente
AF-14,Story,Como visitante quiero registrarme como cliente o agente,Valentina Gómez,3,2026-08-12,2026-08-14,Sprint 1,Pendiente
AF-15,Task,Maquetado de vistas con HTML5 CSS y Bootstrap,Camila Ríos,5,2026-08-14,2026-08-19,Sprint 1,Pendiente
AF-16,Sub-task,Componente de tarjeta de evento reutilizable,Camila Ríos,2,2026-08-15,2026-08-16,Sprint 1,Pendiente
AF-17,Task,Revisión y ajuste final de prototipos Figma,Equipo completo,3,2026-08-18,2026-08-20,Sprint 1,Pendiente
AF-18,Task,Preparar documentación y evidencias del Corte #1,Julián Torres,2,2026-08-22,2026-08-25,Sprint 1,Pendiente
